<?xml version="1.0" encoding="UTF-8"?>
<project-private xmlns="http://www.netbeans.org/ns/project-private/1">
    <editor-bookmarks xmlns="http://www.netbeans.org/ns/editor-bookmarks/2" lastBookmarkId="2">
        <file>
            <url>src/TelasPrincipais/Historico.java</url>
            <bookmark id="2">
                <name/>
                <line>243</line>
                <key/>
            </bookmark>
        </file>
        <file>
            <url>src/Dados/ExcluirUsu.java</url>
            <bookmark id="1">
                <name/>
                <line>121</line>
                <key/>
            </bookmark>
        </file>
    </editor-bookmarks>
    <open-files xmlns="http://www.netbeans.org/ns/projectui-open-files/2">
        <group>
            <file>file:/C:/Users/victor.marcelino/Desktop/ProjetoPICerto/src/Funcionários/TelaPrincipalC.java</file>
            <file>file:/C:/Users/victor.marcelino/Desktop/ProjetoPICerto/src/TelasPrincipais/Historico.java</file>
            <file>file:/C:/Users/victor.marcelino/Desktop/ProjetoPICerto/src/Logar/EsqueceuSenha.java</file>
            <file>file:/C:/Users/victor.marcelino/Desktop/ProjetoPICerto/src/TelasPrincipais/TelaPrincipalG.java</file>
            <file>file:/C:/Users/victor.marcelino/Desktop/ProjetoPICerto/src/Bebidas/Bebidas.java</file>
        </group>
    </open-files>
</project-private>
